index,file
1,E:\美图\手绘涂鸦风\手绘涂鸦风情绪系插画\ChatGPT Image 2026年5月30日 01_39_20.png
2,E:\美图\手绘涂鸦风\手绘涂鸦风情绪系插画\ChatGPT Image 2026年5月30日 01_44_49 (1).png
3,E:\美图\手绘涂鸦风\手绘涂鸦风情绪系插画\ChatGPT Image 2026年5月30日 01_44_49 (2).png
4,E:\美图\手绘涂鸦风\手绘涂鸦风情绪系插画\ChatGPT Image 2026年5月30日 01_44_50 (3).png
5,E:\美图\手绘涂鸦风\手绘涂鸦风情绪系插画\ChatGPT Image 2026年5月30日 01_44_51 (4).png
6,E:\美图\手绘涂鸦风\手绘涂鸦风情绪系插画\ChatGPT Image 2026年5月30日 01_44_51 (5).png
7,E:\美图\手绘涂鸦风\手绘涂鸦风情绪系插画\ChatGPT Image 2026年5月30日 01_44_52 (6).png
8,E:\美图\手绘涂鸦风\手绘涂鸦风情绪系插画\ChatGPT Image 2026年5月30日 01_44_52 (7).png
9,E:\美图\手绘涂鸦风\手绘涂鸦风情绪系插画\ChatGPT Image 2026年5月30日 01_44_53 (8).png
10,E:\美图\手绘涂鸦风\手绘涂鸦风情绪系插画\ChatGPT Image 2026年5月30日 01_50_01 (1).png
11,E:\美图\手绘涂鸦风\手绘涂鸦风情绪系插画\ChatGPT Image 2026年5月30日 01_50_01 (2).png
12,E:\美图\手绘涂鸦风\手绘涂鸦风情绪系插画\ChatGPT Image 2026年5月30日 01_50_01 (3).png
13,E:\美图\手绘涂鸦风\手绘涂鸦风情绪系插画\ChatGPT Image 2026年5月30日 01_50_02 (4).png
14,E:\美图\手绘涂鸦风\手绘涂鸦风情绪系插画\ChatGPT Image 2026年5月30日 01_50_02 (5).png
15,E:\美图\手绘涂鸦风\手绘涂鸦风情绪系插画\ChatGPT Image 2026年5月30日 01_50_03 (6).png
16,E:\美图\手绘涂鸦风\手绘涂鸦风情绪系插画\ChatGPT Image 2026年5月30日 01_50_03 (7).png
17,E:\美图\手绘涂鸦风\手绘涂鸦风情绪系插画\ChatGPT Image 2026年5月30日 01_50_04 (8).png
18,E:\美图\手绘涂鸦风\手绘涂鸦风情绪系插画\ChatGPT Image 2026年5月30日 01_56_59.png
19,E:\美图\手绘涂鸦风\手绘涂鸦风情绪系插画\ChatGPT Image 2026年5月30日 02_00_03.png
20,E:\美图\手绘涂鸦风\手绘涂鸦风情绪系插画\ChatGPT Image 2026年5月30日 02_00_07.png
21,E:\美图\手绘涂鸦风\手绘涂鸦风情绪系插画\ChatGPT Image 2026年5月30日 02_00_13.png
22,E:\美图\手绘涂鸦风\手绘涂鸦风情绪系插画\ChatGPT Image 2026年5月30日 02_00_20.png
23,E:\美图\手绘涂鸦风\手绘涂鸦风情绪系插画\ChatGPT Image 2026年5月30日 02_03_40 (2).png
24,E:\美图\手绘涂鸦风\手绘涂鸦风情绪系插画\ChatGPT Image 2026年5月30日 02_03_41 (3).png
25,E:\美图\手绘涂鸦风\手绘涂鸦风情绪系插画\ChatGPT Image 2026年5月30日 02_03_41 (4).png
26,E:\美图\手绘涂鸦风\手绘涂鸦风情绪系插画\ChatGPT Image 2026年5月30日 02_03_42 (5).png
27,E:\美图\手绘涂鸦风\手绘涂鸦风情绪系插画\ChatGPT Image 2026年5月30日 02_03_42 (6).png
28,E:\美图\手绘涂鸦风\手绘涂鸦风情绪系插画\ChatGPT Image 2026年5月30日 02_03_43 (7).png
29,E:\美图\手绘涂鸦风\手绘涂鸦风情绪系插画\ChatGPT Image 2026年5月30日 02_03_43 (8).png
30,E:\美图\手绘涂鸦风\手绘涂鸦风情绪系插画\ChatGPT Image 2026年5月30日 02_06_34 (1).png
31,E:\美图\手绘涂鸦风\手绘涂鸦风情绪系插画\ChatGPT Image 2026年5月30日 02_06_35 (2).png
32,E:\美图\手绘涂鸦风\手绘涂鸦风情绪系插画\ChatGPT Image 2026年5月30日 02_06_35 (3).png
33,E:\美图\手绘涂鸦风\手绘涂鸦风情绪系插画\ChatGPT Image 2026年5月30日 02_06_35 (4).png
34,E:\美图\手绘涂鸦风\手绘涂鸦风情绪系插画\ChatGPT Image 2026年5月30日 02_06_36 (5).png
35,E:\美图\手绘涂鸦风\手绘涂鸦风情绪系插画\ChatGPT Image 2026年5月30日 02_06_36 (6).png
36,E:\美图\手绘涂鸦风\手绘涂鸦风情绪系插画\ChatGPT Image 2026年5月30日 02_06_37 (7).png
37,E:\美图\手绘涂鸦风\手绘涂鸦风情绪系插画\ChatGPT Image 2026年5月30日 02_06_37 (8).png
38,E:\美图\手绘涂鸦风\手绘涂鸦风情绪系插画\ChatGPT Image 2026年5月30日 02_12_43 (1).png
39,E:\美图\手绘涂鸦风\手绘涂鸦风情绪系插画\ChatGPT Image 2026年5月30日 02_12_44 (2).png
40,E:\美图\手绘涂鸦风\手绘涂鸦风情绪系插画\ChatGPT Image 2026年5月30日 02_12_44 (3).png
41,E:\美图\手绘涂鸦风\手绘涂鸦风情绪系插画\ChatGPT Image 2026年5月30日 02_12_45 (4).png
42,E:\美图\手绘涂鸦风\手绘涂鸦风情绪系插画\ChatGPT Image 2026年5月30日 02_12_45 (5).png
43,E:\美图\手绘涂鸦风\手绘涂鸦风情绪系插画\ChatGPT Image 2026年5月30日 02_12_45 (6).png
44,E:\美图\手绘涂鸦风\手绘涂鸦风情绪系插画\ChatGPT Image 2026年5月30日 02_12_46 (7).png
45,E:\美图\手绘涂鸦风\手绘涂鸦风情绪系插画\ChatGPT Image 2026年5月30日 02_12_46 (8).png
46,E:\美图\手绘涂鸦风\手绘涂鸦风情绪系插画\ChatGPT Image 2026年5月30日 02_29_29 (1).png
47,E:\美图\手绘涂鸦风\手绘涂鸦风情绪系插画\ChatGPT Image 2026年5月30日 02_29_29 (3).png
48,E:\美图\手绘涂鸦风\手绘涂鸦风情绪系插画\ChatGPT Image 2026年5月30日 02_29_30 (5).png
49,E:\美图\手绘涂鸦风\手绘涂鸦风情绪系插画\ChatGPT Image 2026年5月30日 02_29_31 (6).png
50,E:\美图\手绘涂鸦风\手绘涂鸦风情绪系插画\ChatGPT Image 2026年5月30日 02_29_31 (7).png
51,E:\美图\手绘涂鸦风\手绘涂鸦风情绪系插画\ChatGPT Image 2026年5月30日 02_29_31 (8).png
52,E:\美图\手绘涂鸦风\手绘涂鸦风情绪系插画\ChatGPT Image 2026年5月30日 02_29_32 (10).png
53,E:\美图\手绘涂鸦风\手绘涂鸦风情绪系插画\ChatGPT Image 2026年5月30日 02_29_32 (9).png
54,E:\美图\手绘涂鸦风\手绘涂鸦风情绪系插画\ChatGPT Image 2026年5月30日 09_50_26.png
